user_id,email,user_type,name,phone_number,zipcode,road_address,address_detail,preferred_categories,created_at,updated_at,last_login_at
user_0001,seongmingim@example.net,public_officer,김수민,010-1960-0133,83863,서울특별시 송파구 잠실6로 850 (서영한김읍),전라북도 파주시 선릉거리 221-98 (상현이이면),,2025-05-01T22:00:41,2025-05-01T22:00:41,2025-05-13T22:00:41
user_0002,ihyeonu@example.com,general_user,김상호,042-553-4192,27648,전라남도 고양시 일산동구 개포724길 552,전라남도 단양군 언주로 275-9,,2024-03-31T12:49:53,2024-03-31T12:49:53,2024-08-03T12:49:53
user_0003,yeongsu28@example.com,public_officer,이은경,032-012-2691,69784,대구광역시 구로구 가락거리 204 (준서김마을),부산광역시 서초구 가락14가 4,,2025-08-22T20:55:58,2025-08-22T20:55:58,2025-11-01T20:55:58
user_0004,jiyeong43@example.org,public_officer,이경수,044-911-7182,78248,충청남도 파주시 가락로 928,충청남도 천안시 동남구 양재천가 922 (상훈김이마을),,2023-10-03T20:33:10,2023-10-03T20:33:10,2024-09-13T20:33:10
user_0005,igim@example.net,public_officer,김서현,011-973-7631,65667,충청북도 의왕시 언주7로 지하668 (현정남읍),부산광역시 중구 삼성3길 460-18,,2024-01-16T15:14:12,2024-01-16T15:14:12,2024-11-13T15:14:12
user_0006,gimgeonu@example.com,general_user,박준호,051-746-8723,30980,경기도 부여군 선릉거리 686,서울특별시 중구 서초대208로 610 (영숙김동),,2025-03-18T17:45:21,2025-03-18T17:45:21,2025-04-03T17:45:21
user_0007,hyeonjun10@example.com,public_officer,이민수,016-911-8384,51354,부산광역시 송파구 강남대거리 지하216,경상남도 천안시 동남구 백제고분808거리 271,,2025-03-19T20:14:01,2025-03-19T20:14:01,2025-05-05T20:14:01
user_0008,dgim@example.org,public_officer,임준혁,017-640-0524,78680,충청북도 성남시 영동대5길 363-72 (현정권유읍),부산광역시 북구 잠실로 566-19,,2025-07-12T00:23:29,2025-07-12T00:23:29,2025-11-08T00:23:29
user_0009,vgim@example.com,public_officer,송민준,061-342-1607,37543,대전광역시 관악구 오금501거리 지하595 (도현최이면),경기도 태안군 개포거리 991-99,,2024-08-13T09:56:40,2024-08-13T09:56:40,2025-05-27T09:56:40
user_0010,yeongceolo@example.org,public_officer,박영숙,064-783-5615,14846,전라남도 횡성군 반포대387길 528 (상철곽김면),울산광역시 강남구 잠실3가 631 (중수전이읍),,2024-03-01T22:34:42,2024-03-01T22:34:42,2025-01-27T22:34:42
user_0011,xgang@example.org,general_user,김명숙,062-693-6763,01632,제주특별자치도 삼척시 서초중앙가 861-82 (윤서박강면),경기도 공주시 봉은사가 684 (하윤손강마을),,2024-08-16T02:47:33,2024-08-16T02:47:33,2024-12-06T02:47:33
user_0012,jiweon12@example.org,general_user,이서준,044-623-1665,60366,경상남도 고양시 일산서구 선릉06거리 지하742,울산광역시 강서구 영동대거리 552,,2024-01-15T15:37:47,2024-01-15T15:37:47,2024-11-11T15:37:47
user_0013,baegseohyeon@example.net,general_user,허현지,02-1627-2046,37556,인천광역시 중랑구 백제고분길 485,울산광역시 강북구 서초중앙로 975 (영식김성동),,2025-02-10T10:35:25,2025-02-10T10:35:25,2025-02-13T10:35:25
user_0014,yunseo29@example.net,public_officer,하영수,070-1241-9049,63193,전라남도 화성시 압구정71가 725 (진우서면),광주광역시 남구 석촌호수로 지하546,,2024-12-30T20:24:41,2024-12-30T20:24:41,2025-12-22T20:24:41
user_0015,lryu@example.com,general_user,박예지,053-314-7379,50752,경상남도 삼척시 학동거리 709-32 (영미이최면),충청남도 광주시 삼성94로 88 (예지박읍),,2024-08-04T22:56:20,2024-08-04T22:56:20,2025-01-25T22:56:20
user_0016,qi@example.org,general_user,최순자,033-351-8233,49894,전라북도 성남시 잠실거리 106,인천광역시 도봉구 영동대길 726,,2025-07-18T07:38:53,2025-07-18T07:38:53,2025-10-05T07:38:53
user_0017,seungmin04@example.com,public_officer,이영수,033-167-1902,94131,부산광역시 동대문구 역삼로 419 (영자박김면),충청남도 인제군 반포대49가 636-8 (하윤김읍),,2025-03-11T13:35:05,2025-03-11T13:35:05,2025-08-30T13:35:05
user_0018,jihyean@example.net,public_officer,고도윤,011-361-8324,10249,광주광역시 영등포구 역삼가 939-36,세종특별자치시 성동구 양재천648가 613-6 (예진조김읍),,2024-01-28T10:10:33,2024-01-28T10:10:33,2024-03-15T10:10:33
user_0019,bagjungsu@example.com,general_user,이지원,018-125-6746,71545,세종특별자치시 관악구 도산대4길 902 (상훈우조읍),울산광역시 남구 오금가 193,,2025-03-13T18:17:02,2025-03-13T18:17:02,2025-05-01T18:17:02
user_0020,gimjeongja@example.org,general_user,최영철,062-127-4846,73782,충청북도 삼척시 영동대88가 891 (현주김리),충청남도 계룡시 학동거리 957 (정숙이이마을),,2024-03-08T20:53:33,2024-03-08T20:53:33,2024-08-31T20:53:33
user_0021,zhan@example.com,general_user,이숙자,055-270-2895,71870,강원도 연천군 삼성780로 233-96 (진우김동),경상북도 예산군 학동가 639-89,,2024-08-19T01:44:26,2024-08-19T01:44:26,2024-09-10T01:44:26
user_0022,eunjeong45@example.com,general_user,이경수,061-238-6922,19693,울산광역시 강남구 반포대36가 391 (서영진이리),충청북도 과천시 가락74로 694 (민재노마을),,2024-04-09T15:39:29,2024-04-09T15:39:29,2025-01-08T15:39:29
user_0023,baegogja@example.com,public_officer,문종수,044-953-3942,04709,대전광역시 동구 반포대로 881 (현정송이리),대구광역시 용산구 삼성623길 544-65 (정순김류리),,2023-09-20T06:26:08,2023-09-20T06:26:08,2024-03-31T06:26:08
user_0024,seoyun51@example.net,public_officer,김성호,044-709-8593,74612,충청북도 강릉시 서초중앙가 707 (영수박김면),서울특별시 도봉구 봉은사3길 380,,2023-11-25T15:04:38,2023-11-25T15:04:38,2024-09-02T15:04:38
user_0025,minsu43@example.org,general_user,이하윤,062-139-0053,93183,대구광역시 성동구 테헤란로 603-42 (성훈김리),충청남도 연천군 백제고분로 134-70,,2024-10-22T01:55:05,2024-10-22T01:55:05,2025-09-08T01:55:05
user_0026,misug17@example.net,general_user,김영길,044-908-4700,66177,울산광역시 동작구 반포대961로 441-58 (지후류리),부산광역시 노원구 학동길 562,,2024-07-28T13:34:55,2024-07-28T13:34:55,2025-05-19T13:34:55
user_0027,junseo27@example.org,public_officer,이숙자,032-116-1528,98851,대전광역시 성동구 석촌호수6로 30 (예준권면),전라남도 청주시 상당구 도산대94거리 520-28 (아름김동),,2024-06-08T02:31:26,2024-06-08T02:31:26,2025-06-03T02:31:26
user_0028,vgim@example.net,public_officer,문영호,02-1836-6752,45991,경상남도 당진시 선릉38로 114 (영순최박면),대구광역시 동대문구 오금로 678,,2023-10-14T17:36:50,2023-10-14T17:36:50,2023-11-06T17:36:50
user_0029,jaehogim@example.org,public_officer,나도윤,051-451-0762,68388,부산광역시 서대문구 삼성길 91 (정희김최마을),부산광역시 서대문구 선릉로 883 (서영최오리),,2023-11-09T13:03:39,2023-11-09T13:03:39,2024-04-05T13:03:39
user_0030,eunseo18@example.net,public_officer,이성현,033-883-5523,24329,세종특별자치시 양천구 강남대058로 지하473,강원도 안산시 상록구 반포대979거리 451,,2024-08-25T11:15:29,2024-08-25T11:15:29,2024-12-22T11:15:29
user_0031,gangmigyeong@example.com,public_officer,이성민,011-807-9359,82071,전라남도 청주시 서원구 가락거리 97-72 (우진오윤마을),부산광역시 구로구 도산대길 537 (주원허리),,2025-07-18T18:05:09,2025-07-18T18:05:09,2026-01-28T18:05:09
user_0032,jeongnam62@example.net,general_user,김정남,019-148-6528,68505,대전광역시 북구 백제고분가 186-89,대구광역시 중랑구 서초중앙3길 지하80 (정희김황마을),,2025-04-30T09:16:41,2025-04-30T09:16:41,2025-12-18T09:16:41
user_0033,iyeongsug@example.org,general_user,배정희,062-947-3834,35977,광주광역시 용산구 강남대가 851-56,울산광역시 구로구 역삼9길 657 (지연최김마을),,2023-11-19T16:38:16,2023-11-19T16:38:16,2024-02-10T16:38:16
user_0034,caeweon60@example.com,general_user,김예원,064-753-6153,51522,충청북도 천안시 서북구 봉은사34로 430-82,광주광역시 서구 테헤란779로 263,,2025-05-18T02:19:30,2025-05-18T02:19:30,2025-11-15T02:19:30
user_0035,bcoe@example.net,public_officer,김지현,064-793-2460,39621,대전광역시 광진구 영동대거리 713,부산광역시 구로구 개포가 383-33 (종수김읍),,2024-09-15T03:26:26,2024-09-15T03:26:26,2025-08-24T03:26:26
user_0036,mgim@example.org,general_user,송명자,043-054-8687,03450,강원도 태백시 잠실거리 82 (아름이조리),광주광역시 성동구 선릉76거리 지하509 (주원안이동),,2024-01-16T21:27:24,2024-01-16T21:27:24,2025-01-09T21:27:24
user_0037,subin64@example.net,public_officer,이경희,031-165-8202,02135,울산광역시 노원구 언주0길 397 (영호김리),울산광역시 영등포구 백제고분길 지하972 (준서권최마을),,2024-02-23T02:51:20,2024-02-23T02:51:20,2024-12-30T02:51:20
user_0038,igim@example.org,public_officer,이하은,062-271-5518,42258,세종특별자치시 동구 백제고분로 408-92 (미영황류동),강원도 고양시 언주가 568,,2023-12-15T19:14:00,2023-12-15T19:14:00,2024-09-13T19:14:00
user_0039,seojun89@example.org,public_officer,윤예원,041-680-1824,25358,충청북도 태안군 석촌호수0로 272,부산광역시 강북구 가락거리 630-69 (명자김마을),,2025-01-27T04:54:56,2025-01-27T04:54:56,2025-04-20T04:54:56
user_0040,bagsujin@example.com,general_user,최우진,017-473-6471,27677,부산광역시 노원구 반포대로 254 (상철이리),전라남도 당진시 삼성거리 134,,2025-07-11T16:09:17,2025-07-11T16:09:17,2026-01-21T16:09:17
user_0041,eunjisim@example.net,general_user,김채원,053-327-8774,01687,부산광역시 마포구 강남대거리 지하375,충청남도 서산시 도산대4가 293,,2023-10-14T14:21:08,2023-10-14T14:21:08,2024-09-05T14:21:08
user_0042,minjae87@example.net,public_officer,최병철,051-991-2165,85239,대구광역시 서대문구 석촌호수88가 487 (주원장리),제주특별자치도 성남시 도산대길 532-59 (수민박면),,2024-12-05T19:58:10,2024-12-05T19:58:10,2025-11-20T19:58:10
user_0043,coeyeonghwan@example.net,general_user,배준호,011-930-9728,23091,경기도 제천시 서초대길 지하333 (미영이김마을),경기도 속초시 선릉6길 지하514,,2024-06-01T08:24:40,2024-06-01T08:24:40,2024-06-29T08:24:40
user_0044,sumin33@example.com,public_officer,장채원,010-4344-3757,84419,광주광역시 광진구 백제고분길 686-68 (순옥김리),경상북도 양평군 양재천로 355 (아름신김마을),,2024-05-23T00:05:32,2024-05-23T00:05:32,2024-06-08T00:05:32
user_0045,cahyeonju@example.org,general_user,김지영,061-773-4540,93802,충청북도 화천군 강남대1거리 664-33 (경수이면),충청북도 수원시 영통구 서초중앙4로 582-78 (채원이리),,2024-11-23T11:10:55,2024-11-23T11:10:55,2025-06-16T11:10:55
user_0046,gryu@example.com,general_user,김은영,032-612-2753,46374,광주광역시 은평구 언주길 466,광주광역시 영등포구 강남대거리 684-16 (정남이박면),,2025-04-12T05:45:38,2025-04-12T05:45:38,2025-05-15T05:45:38
user_0047,zgweon@example.net,public_officer,이정자,043-391-8785,91088,강원도 양구군 도산대28가 60 (영숙이김면),제주특별자치도 이천시 삼성가 735,,2025-06-04T14:45:51,2025-06-04T14:45:51,2026-03-21T14:45:51
user_0048,ei@example.net,general_user,김도현,031-170-4622,56766,경기도 괴산군 양재천가 545-49,대구광역시 관악구 봉은사8가 746,,2025-06-09T23:31:26,2025-06-09T23:31:26,2025-09-25T23:31:26
user_0049,cunjao@example.org,general_user,박민재,031-690-3311,79030,대구광역시 서초구 선릉거리 571 (수진이리),경상남도 과천시 도산대길 240 (서영황류읍),,2023-10-15T20:57:21,2023-10-15T20:57:21,2024-05-04T20:57:21
user_0050,yeonghyi62@example.com,general_user,노정숙,055-287-3342,08668,광주광역시 서대문구 학동길 223-62,경상북도 남양주시 논현17거리 742-25,,2024-02-18T16:56:52,2024-02-18T16:56:52,2024-05-01T16:56:52
user_0051,gimseungmin@example.net,general_user,이현주,033-739-3638,46785,울산광역시 도봉구 논현거리 584 (명자윤면),광주광역시 은평구 반포대7거리 321 (동현문서동),,2024-03-27T07:53:29,2024-03-27T07:53:29,2024-06-06T07:53:29
user_0052,ubag@example.com,public_officer,박지민,042-287-2808,10062,경상남도 수원시 권선구 잠실가 543 (미정이박리),강원도 제천시 압구정길 383-8,,2025-05-27T15:01:41,2025-05-27T15:01:41,2026-03-10T15:01:41
user_0053,yeongjingang@example.com,general_user,김하은,054-461-5679,34101,전라북도 성남시 오금거리 674 (성훈고동),경상북도 수원시 장안구 도산대021가 580-13 (영식배마을),,2024-02-17T08:40:48,2024-02-17T08:40:48,2024-12-12T08:40:48
user_0054,tnam@example.org,general_user,권정희,011-396-8562,85016,경상북도 안산시 단원구 학동431로 390 (옥순이동),강원도 가평군 삼성4가 365-71,,2023-11-19T13:02:15,2023-11-19T13:02:15,2024-09-12T13:02:15
user_0055,sanghyeon12@example.com,general_user,이성호,062-888-6101,81995,대구광역시 마포구 선릉71거리 739,경기도 김포시 개포8길 174 (성호이이읍),,2025-01-06T22:26:43,2025-01-06T22:26:43,2025-07-10T22:26:43
user_0056,jaehoha@example.com,public_officer,강영길,016-657-5692,59375,부산광역시 영등포구 석촌호수길 976 (하윤김안동),경상북도 용인시 기흥구 가락93거리 837-51,,2025-06-06T13:35:51,2025-06-06T13:35:51,2025-08-15T13:35:51
user_0057,sugjagim@example.net,general_user,안정숙,041-661-7979,88680,부산광역시 강북구 서초대길 401-60,부산광역시 성동구 오금거리 577 (현숙이안동),,2025-05-01T08:28:32,2025-05-01T08:28:32,2025-06-16T08:28:32
user_0058,bagjaehyeon@example.org,public_officer,한민서,033-254-5738,57177,경상남도 과천시 가락2가 756-79 (현우이동),부산광역시 도봉구 봉은사로 694-22 (미숙최면),,2025-03-09T20:11:49,2025-03-09T20:11:49,2025-05-04T20:11:49
user_0059,coeeunjeong@example.net,public_officer,이정식,042-553-7147,96969,부산광역시 동대문구 테헤란669길 434 (경희박읍),대전광역시 은평구 백제고분4로 121-31,,2024-11-13T11:17:35,2024-11-13T11:17:35,2025-09-30T11:17:35
user_0060,wgang@example.org,public_officer,이병철,063-236-8876,67721,경상남도 천안시 서북구 석촌호수로 844 (민서권권리),인천광역시 도봉구 강남대길 173,,2024-11-06T19:44:10,2024-11-06T19:44:10,2025-10-20T19:44:10
user_0061,jaehoeom@example.com,general_user,이정호,051-517-1339,96292,부산광역시 광진구 도산대22길 849-32 (명숙최이리),충청남도 성남시 중원구 잠실98길 297,,2024-06-26T20:41:31,2024-06-26T20:41:31,2025-04-27T20:41:31
user_0062,iogja@example.net,public_officer,강중수,054-775-9017,18636,서울특별시 중구 가락가 952-21 (현준진이읍),경상남도 군포시 양재천89길 808,,2025-07-25T15:23:57,2025-07-25T15:23:57,2026-02-07T15:23:57
user_0063,sangceol54@example.org,general_user,김현숙,054-206-4361,03712,인천광역시 서대문구 봉은사로 903-39,제주특별자치도 청주시 흥덕구 압구정5로 490,,2023-12-24T23:14:54,2023-12-24T23:14:54,2024-10-24T23:14:54
user_0064,minjaecoe@example.net,general_user,송준호,017-275-3269,31121,제주특별자치도 당진시 개포거리 507,전라남도 동해시 테헤란4로 616-77 (은서한홍면),,2024-07-05T04:24:05,2024-07-05T04:24:05,2025-04-01T04:24:05
user_0065,mincunja@example.org,general_user,박예준,055-965-8271,91043,전라북도 안양시 학동328거리 650,서울특별시 동구 서초대86가 656-69,,2025-04-24T06:30:07,2025-04-24T06:30:07,2026-02-01T06:30:07
user_0066,pseo@example.org,public_officer,장명자,044-161-7990,21020,전라북도 고성군 강남대로 524 (민석고김읍),경상남도 양평군 역삼24로 827,,2024-03-25T14:40:53,2024-03-25T14:40:53,2025-03-08T14:40:53
user_0067,gimmigyeong@example.org,public_officer,손정숙,02-3075-6220,35365,경기도 양주시 양재천거리 378 (혜진황서마을),부산광역시 영등포구 봉은사023로 899 (지아황이동),,2025-04-22T03:23:20,2025-04-22T03:23:20,2026-04-06T03:23:20
user_0068,gimjeongho@example.net,general_user,김현숙,02-5064-1383,70241,강원도 논산시 선릉길 지하299 (정희유이면),인천광역시 북구 영동대19로 지하137,,2024-05-13T11:59:55,2024-05-13T11:59:55,2025-04-06T11:59:55
user_0069,eunseocoe@example.org,general_user,김진우,033-277-5618,37474,전라남도 여주시 오금거리 32,부산광역시 동대문구 백제고분3거리 지하94,,2024-07-19T13:23:25,2024-07-19T13:23:25,2024-09-14T13:23:25
user_0070,bageunju@example.org,general_user,최유진,033-003-2365,99410,경상북도 철원군 개포가 220-24 (예준양김마을),인천광역시 북구 테헤란5로 52-22,,2024-12-31T16:15:39,2024-12-31T16:15:39,2025-08-10T16:15:39
user_0071,rgim@example.com,public_officer,이승현,041-638-3806,78759,제주특별자치도 광주시 역삼로 273-69 (윤서하마을),울산광역시 강북구 압구정거리 지하225 (지원황동),,2025-06-27T22:58:17,2025-06-27T22:58:17,2026-02-14T22:58:17
user_0072,seonghuncoe@example.net,public_officer,이현숙,019-590-5992,78427,인천광역시 동구 삼성길 지하61 (성수한읍),부산광역시 중구 백제고분길 490-1,,2025-05-02T22:12:39,2025-05-02T22:12:39,2025-09-13T22:12:39
user_0073,icunja@example.com,public_officer,박성호,011-154-5226,52895,대구광역시 동작구 백제고분9로 340-96,충청북도 수원시 장안구 양재천2로 872,,2023-11-08T21:23:38,2023-11-08T21:23:38,2024-07-24T21:23:38
user_0074,ryuyeongsug@example.net,public_officer,나민준,053-704-3315,10067,서울특별시 노원구 봉은사5길 750 (민지배동),충청북도 원주시 개포86로 667-98 (성현김동),,2024-05-28T22:49:42,2024-05-28T22:49:42,2025-04-13T22:49:42
user_0075,iareum@example.net,general_user,강예지,061-201-5336,44310,세종특별자치시 남구 양재천가 917-85,제주특별자치도 정선군 도산대거리 90-38 (시우김김면),,2024-04-02T07:00:47,2024-04-02T07:00:47,2025-02-23T07:00:47
user_0076,ci@example.org,public_officer,정병철,051-774-3490,11586,울산광역시 북구 서초대길 178,제주특별자치도 성남시 중원구 서초대87길 지하307,,2024-01-17T07:09:01,2024-01-17T07:09:01,2024-04-04T07:09:01
user_0077,rgim@example.com,general_user,송미정,043-294-5116,85487,대전광역시 북구 강남대79가 283 (성수조한동),울산광역시 성동구 테헤란9로 799-13,,2024-07-12T21:05:04,2024-07-12T21:05:04,2024-10-02T21:05:04
user_0078,xheo@example.org,public_officer,이서현,053-444-7132,75469,대구광역시 용산구 서초대28로 897,인천광역시 양천구 선릉가 841,,2025-06-17T09:54:44,2025-06-17T09:54:44,2026-04-19T09:54:44
user_0079,heoyeweon@example.com,general_user,김경수,054-786-1035,97279,울산광역시 구로구 오금로 지하934 (순자조동),대전광역시 동대문구 학동06로 799 (지민윤읍),,2024-03-01T06:20:55,2024-03-01T06:20:55,2024-11-06T06:20:55
user_0080,jihun65@example.com,public_officer,송성수,051-374-8969,08589,충청북도 인제군 도산대가 739,광주광역시 서초구 서초중앙로 656-42 (영호오손면),,2023-09-29T05:29:37,2023-09-29T05:29:37,2023-11-25T05:29:37
user_0081,vi@example.org,general_user,엄선영,011-935-3875,28241,세종특별자치시 남구 서초중앙로 967-80 (경자김동),충청북도 증평군 잠실5로 229 (지후손이마을),,2025-07-14T06:18:11,2025-07-14T06:18:11,2025-12-18T06:18:11
user_0082,seongmingim@example.com,public_officer,박영순,011-725-2175,50074,경상북도 동해시 개포0길 914 (유진박김동),충청북도 아산시 서초중앙로 649,,2025-01-08T05:15:50,2025-01-08T05:15:50,2025-02-06T05:15:50
user_0083,seojun68@example.net,public_officer,김춘자,052-210-4478,62575,대구광역시 성동구 가락6거리 609,충청북도 춘천시 언주길 752,,2023-10-16T17:01:09,2023-10-16T17:01:09,2024-08-01T17:01:09
user_0084,ijunyeong@example.net,public_officer,윤경자,051-723-0461,99261,인천광역시 은평구 양재천0가 지하705 (정웅김장동),광주광역시 성동구 서초중앙길 797,,2025-06-19T04:49:44,2025-06-19T04:49:44,2025-08-01T04:49:44
user_0085,osanghyeon@example.com,general_user,박현정,017-374-4701,04556,부산광역시 은평구 역삼6가 지하279 (영자박이읍),부산광역시 남구 압구정길 367-57,,2023-12-06T06:30:00,2023-12-06T06:30:00,2024-01-10T06:30:00
user_0086,sanghyeonbaeg@example.com,public_officer,서현우,011-729-6590,77167,울산광역시 서초구 서초중앙거리 860,부산광역시 강북구 압구정899길 536,,2025-06-12T08:53:26,2025-06-12T08:53:26,2025-08-16T08:53:26
user_0087,migyeongbag@example.com,general_user,민명숙,042-175-3540,86631,인천광역시 관악구 삼성03가 786 (예은이박동),경상남도 아산시 학동75로 106-52 (도현최류마을),,2025-04-21T05:43:22,2025-04-21T05:43:22,2026-01-27T05:43:22
user_0088,minji51@example.org,public_officer,김아름,042-726-1493,16373,제주특별자치도 안산시 상록구 테헤란로 621-42 (지후강한읍),부산광역시 강동구 도산대917가 138 (건우서최리),,2024-04-08T23:10:11,2024-04-08T23:10:11,2024-08-21T23:10:11
user_0089,seongminjo@example.net,general_user,이성민,064-748-5833,94522,서울특별시 중랑구 역삼42로 772-70,부산광역시 강동구 잠실99가 899 (은주박김읍),,2023-10-04T13:12:27,2023-10-04T13:12:27,2024-01-20T13:12:27
user_0090,ogsuncoe@example.org,public_officer,박우진,064-740-6665,04397,대구광역시 동대문구 개포로 지하286,전라남도 괴산군 논현거리 지하182,,2024-11-14T18:43:24,2024-11-14T18:43:24,2025-11-14T18:43:24
user_0091,iyeweon@example.org,general_user,김준혁,031-259-0947,15832,제주특별자치도 영월군 봉은사거리 927,대구광역시 마포구 학동33거리 301,,2025-01-20T07:38:54,2025-01-20T07:38:54,2025-08-12T07:38:54
user_0092,junyeong16@example.com,general_user,강현주,010-4085-8877,43581,강원도 고양시 덕양구 가락2로 39 (민재김면),대구광역시 강동구 가락로 886-88,,2024-11-15T22:25:00,2024-11-15T22:25:00,2025-06-27T22:25:00
user_0093,oi@example.com,general_user,류지훈,061-506-1809,90158,세종특별자치시 동대문구 테헤란가 984,광주광역시 동구 백제고분4가 842-85,,2025-01-13T22:26:27,2025-01-13T22:26:27,2025-03-15T22:26:27
user_0094,haeun08@example.net,public_officer,장지훈,041-100-9968,43536,세종특별자치시 관악구 양재천로 203,충청북도 안산시 단원구 백제고분거리 186,,2025-03-26T00:56:13,2025-03-26T00:56:13,2025-07-19T00:56:13
user_0095,sanghyeongang@example.org,public_officer,곽아름,053-775-9492,56205,세종특별자치시 금천구 역삼로 913 (영호손동),충청남도 보은군 강남대25가 368,,2025-03-27T11:09:53,2025-03-27T11:09:53,2025-09-16T11:09:53
user_0096,songseoyun@example.net,public_officer,김영일,043-084-8872,63942,충청북도 증평군 영동대3가 271-48,제주특별자치도 양구군 개포거리 679-31 (유진김읍),,2024-03-09T05:23:50,2024-03-09T05:23:50,2025-01-04T05:23:50
user_0097,junyeong70@example.org,public_officer,김지후,017-518-4498,66591,충청북도 안산시 단원구 영동대로 831,울산광역시 성북구 영동대77로 451 (영식박면),,2024-05-22T22:48:31,2024-05-22T22:48:31,2025-03-19T22:48:31
user_0098,seohyeonyun@example.com,public_officer,박예지,02-3029-9228,92024,경상남도 평창군 언주가 814 (수진박읍),제주특별자치도 춘천시 오금거리 지하222,,2025-03-24T22:47:36,2025-03-24T22:47:36,2025-03-27T22:47:36
user_0099,gimjunyeong@example.org,public_officer,유은서,02-3886-2912,99088,울산광역시 성북구 개포99로 261,부산광역시 강서구 백제고분로 431-48,,2024-09-14T01:31:49,2024-09-14T01:31:49,2025-09-11T01:31:49
user_0100,agim@example.net,public_officer,백미경,070-0981-8063,65126,울산광역시 송파구 오금로 802-90 (상현박면),광주광역시 남구 석촌호수94가 566-72 (성훈최박면),,2025-05-23T11:58:07,2025-05-23T11:58:07,2025-09-17T11:58:07
user_0101,junhyeogyun@example.org,public_officer,한정자,041-796-1143,19066,경기도 포천시 가락로 283-52,서울특별시 강동구 가락가 207 (승현안박읍),,2024-06-09T17:44:59,2024-06-09T17:44:59,2024-06-25T17:44:59
user_0102,seominjae@example.org,general_user,이서영,010-4895-5439,76904,광주광역시 북구 반포대97길 698-59,경상북도 화천군 잠실로 349,,2025-08-05T19:23:18,2025-08-05T19:23:18,2025-09-10T19:23:18
user_0103,ieunyeong@example.org,public_officer,김미영,018-356-5880,34165,충청남도 증평군 강남대길 855-32,대구광역시 강서구 영동대9거리 511-95,,2025-06-20T01:22:55,2025-06-20T01:22:55,2025-11-09T01:22:55
user_0104,jangyeongmi@example.net,general_user,김미숙,02-8075-9579,72846,전라남도 청주시 청원구 압구정길 104 (종수문김면),충청북도 성남시 수정구 서초중앙085가 124-90,,2024-03-11T15:34:02,2024-03-11T15:34:02,2024-06-28T15:34:02
user_0105,myeongjagim@example.net,public_officer,성성현,054-564-7292,14386,울산광역시 성동구 도산대길 860,충청남도 평택시 서초중앙로 512-18 (은영이최마을),,2025-01-10T16:27:20,2025-01-10T16:27:20,2025-10-29T16:27:20
user_0106,boram45@example.org,general_user,신상훈,061-159-3998,45587,광주광역시 강남구 백제고분647거리 989-58 (성호고김읍),강원도 수원시 장안구 반포대225가 870 (민준이면),,2025-02-04T15:58:04,2025-02-04T15:58:04,2025-06-08T15:58:04
user_0107,seonghogim@example.org,general_user,서정호,063-800-6811,92164,대전광역시 남구 반포대487길 606-77 (숙자윤최마을),충청남도 증평군 반포대228길 지하36,,2025-01-18T09:27:28,2025-01-18T09:27:28,2025-08-14T09:27:28
user_0108,eunjubag@example.com,public_officer,이순자,061-424-0082,47807,충청남도 시흥시 선릉길 292 (중수고김면),전라북도 수원시 양재천308거리 904 (준혁김서리),,2023-12-04T04:09:52,2023-12-04T04:09:52,2024-01-21T04:09:52
user_0109,bgim@example.org,public_officer,강수민,031-802-1442,03120,충청북도 안성시 개포1길 254-95 (시우서동),충청남도 가평군 양재천57로 864-97 (민석황동),,2024-10-18T05:42:37,2024-10-18T05:42:37,2025-09-20T05:42:37
user_0110,cunja20@example.net,general_user,김영숙,010-8147-4350,13650,충청북도 양주시 언주길 지하94 (채원엄강동),전라북도 서산시 개포길 596,,2024-06-11T14:18:10,2024-06-11T14:18:10,2024-12-09T14:18:10
user_0111,myeongsugi@example.net,general_user,한지우,017-573-0652,07784,대전광역시 양천구 가락가 635-47 (정수김마을),충청남도 보령시 잠실거리 282 (민재김면),,2025-06-06T15:10:00,2025-06-06T15:10:00,2026-01-02T15:10:00
user_0112,subini@example.net,general_user,박영식,053-118-1022,31731,인천광역시 관악구 학동05가 844-79,울산광역시 서초구 서초대940거리 736-10,,2024-04-02T22:08:08,2024-04-02T22:08:08,2024-04-29T22:08:08
user_0113,nohyeonsug@example.org,public_officer,서지현,033-386-3383,88619,울산광역시 강동구 삼성398길 949 (종수박성동),세종특별자치시 강남구 봉은사2가 674-21 (채원배최면),,2025-03-26T14:26:02,2025-03-26T14:26:02,2025-04-26T14:26:02
user_0114,hyejini@example.com,general_user,이건우,044-350-4888,10752,강원도 옥천군 서초중앙7로 39,전라북도 포천시 언주거리 585-52,,2025-03-30T01:52:26,2025-03-30T01:52:26,2025-09-19T01:52:26
user_0115,jeonghun66@example.org,public_officer,이지영,044-906-0480,89258,충청북도 부천시 오정구 학동90가 409 (은경김김마을),충청북도 성남시 수정구 반포대981길 806,,2024-02-10T07:59:01,2024-02-10T07:59:01,2024-06-16T07:59:01
user_0116,yeongjini@example.com,public_officer,윤병철,053-911-6655,55904,대구광역시 강동구 봉은사로 890 (경수한김리),전라남도 금산군 백제고분7로 지하205,,2024-09-09T10:35:49,2024-09-09T10:35:49,2024-12-15T10:35:49
user_0117,minjigweon@example.net,general_user,김영철,063-920-6980,20439,경상북도 양구군 삼성가 91,서울특별시 양천구 학동가 886 (광수문리),,2024-02-01T06:02:42,2024-02-01T06:02:42,2024-04-12T06:02:42
user_0118,gimjihye@example.com,general_user,주영호,053-762-0555,38404,충청남도 아산시 선릉거리 지하338 (민서김김마을),경기도 공주시 언주5가 748 (미영장문읍),,2025-02-21T18:33:49,2025-02-21T18:33:49,2025-05-25T18:33:49
user_0119,jinubaeg@example.org,general_user,문숙자,017-925-1881,52056,대전광역시 용산구 테헤란975길 486,전라북도 속초시 테헤란1길 781 (수민강최읍),,2023-12-25T06:23:45,2023-12-25T06:23:45,2024-08-17T06:23:45
user_0120,yuhayun@example.org,public_officer,김승민,070-3312-7975,36609,경기도 공주시 서초대034가 793-37 (성호이허마을),전라남도 여주시 서초대로 847 (지영김마을),,2025-08-11T08:42:29,2025-08-11T08:42:29,2025-09-18T08:42:29
user_0121,gimseoyun@example.net,general_user,류영길,010-2665-7027,71452,경기도 단양군 삼성길 184-99 (지후이리),부산광역시 성동구 가락18가 388-71,,2024-04-20T18:13:56,2024-04-20T18:13:56,2025-01-26T18:13:56
user_0122,geonugweon@example.org,public_officer,김미정,062-778-0973,97767,대구광역시 남구 오금거리 51,서울특별시 성북구 백제고분830길 669-45,,2023-12-03T00:47:09,2023-12-03T00:47:09,2023-12-28T00:47:09
user_0123,hyeonsuggweon@example.com,public_officer,김정남,031-145-5616,47214,전라남도 시흥시 테헤란978가 905 (예원구동),울산광역시 구로구 논현로 748-81 (경희한면),,2023-12-10T06:30:49,2023-12-10T06:30:49,2024-01-26T06:30:49
user_0124,eunjeongeom@example.com,public_officer,강민석,031-558-3034,14488,경상남도 양양군 반포대08거리 569-69,서울특별시 성동구 삼성99로 339-44 (지현안윤리),,2023-09-23T23:54:35,2023-09-23T23:54:35,2023-12-17T23:54:35
user_0125,minjae24@example.org,general_user,임주원,053-682-9962,45046,대구광역시 성동구 도산대1가 819-62 (승현유마을),세종특별자치시 북구 영동대가 538,,2024-05-07T12:28:43,2024-05-07T12:28:43,2025-01-10T12:28:43
user_0126,siugim@example.com,general_user,김채원,019-810-4091,70184,세종특별자치시 서초구 강남대길 118-2 (시우이면),광주광역시 관악구 삼성길 284,,2024-04-06T23:45:01,2024-04-06T23:45:01,2024-07-24T23:45:01
user_0127,seonghoi@example.com,general_user,한서준,010-7020-7016,16629,충청남도 평택시 영동대25거리 31,전라남도 용인시 처인구 논현817길 100 (정남윤황리),,2023-10-30T05:28:07,2023-10-30T05:28:07,2023-11-29T05:28:07
user_0128,ujini@example.net,public_officer,이영길,041-816-1581,87696,경상북도 보령시 잠실321가 611-60 (보람류김리),충청남도 천안시 서북구 서초중앙가 214-89,,2023-11-02T12:33:12,2023-11-02T12:33:12,2024-05-14T12:33:12
user_0129,pi@example.net,public_officer,임은서,031-132-9022,84699,서울특별시 강남구 봉은사03가 641,충청남도 고양시 덕양구 양재천465로 627 (정희고김마을),,2024-05-13T13:17:45,2024-05-13T13:17:45,2024-11-28T13:17:45
user_0130,yeongmibag@example.org,general_user,이영희,010-6562-4220,02762,경상북도 광주시 역삼가 592 (정희김박리),대구광역시 관악구 반포대969길 435-71,,2025-08-29T03:23:10,2025-08-29T03:23:10,2026-04-18T03:23:10
user_0131,hhan@example.net,general_user,이현지,063-128-4781,37189,경기도 청주시 청원구 석촌호수07길 673,서울특별시 북구 잠실7가 588-94 (지후성안면),,2024-04-23T01:38:49,2024-04-23T01:38:49,2024-11-25T01:38:49
user_0132,gimminjun@example.com,general_user,강수빈,051-294-4401,92752,경상북도 구리시 가락3거리 774-15 (성호이면),인천광역시 강서구 서초대로 991 (선영류리),,2024-09-13T09:13:09,2024-09-13T09:13:09,2024-12-01T09:13:09
user_0133,yjang@example.com,public_officer,권옥자,051-286-0476,80185,서울특별시 서초구 학동로 538 (영순이면),전라북도 연천군 강남대4가 752-87 (미숙장읍),,2024-03-23T02:39:24,2024-03-23T02:39:24,2024-08-21T02:39:24
user_0134,haeunyun@example.net,public_officer,김동현,033-192-6921,44717,강원도 정선군 백제고분가 112 (민서이마을),울산광역시 강남구 강남대1거리 398 (혜진김송읍),,2025-01-21T03:39:56,2025-01-21T03:39:56,2025-02-19T03:39:56
user_0135,gimseoyeong@example.com,public_officer,박상훈,062-072-0064,56908,대전광역시 용산구 양재천328로 307 (지원강이동),경상남도 태백시 학동306가 549 (정웅이김동),,2025-07-28T00:33:39,2025-07-28T00:33:39,2026-01-04T00:33:39
user_0136,doyunji@example.org,public_officer,서민서,063-618-4787,05050,충청북도 수원시 가락로 468-79,강원도 고양시 일산동구 오금293로 501 (경자허동),,2024-01-20T00:51:13,2024-01-20T00:51:13,2024-02-14T00:51:13
user_0137,bageunjeong@example.org,general_user,김지은,032-365-6519,53092,충청북도 수원시 권선구 학동0길 909 (지후송황읍),부산광역시 성동구 테헤란25길 948 (성민안마을),,2024-02-16T14:04:41,2024-02-16T14:04:41,2024-10-30T14:04:41
user_0138,cunjagang@example.org,public_officer,이영길,016-279-1456,83318,대구광역시 서초구 서초중앙2로 292,대전광역시 남구 반포대길 199,,2024-02-19T06:00:33,2024-02-19T06:00:33,2024-03-19T06:00:33
user_0139,vgim@example.org,public_officer,이준서,010-2207-8113,99563,경기도 태백시 논현가 383-18 (예지강구읍),인천광역시 강동구 삼성길 756 (지연이김리),,2024-05-27T08:26:29,2024-05-27T08:26:29,2024-08-30T08:26:29
user_0140,sanghobag@example.com,public_officer,한도윤,042-534-9292,16873,울산광역시 중구 서초중앙로 404,경상남도 의왕시 선릉길 445 (지우최읍),,2024-09-15T17:12:03,2024-09-15T17:12:03,2025-07-16T17:12:03
user_0141,jgim@example.org,public_officer,한미숙,019-632-5431,74279,부산광역시 서대문구 서초대4가 590,세종특별자치시 양천구 개포길 721-82,,2025-05-18T13:07:49,2025-05-18T13:07:49,2026-04-28T13:07:49
user_0142,ogsun08@example.net,public_officer,임우진,054-016-5790,52818,충청남도 용인시 수지구 강남대640로 464,충청북도 연천군 잠실로 지하756,,2024-09-21T02:53:58,2024-09-21T02:53:58,2025-04-15T02:53:58
user_0143,hyeonu51@example.org,public_officer,류예은,062-116-2411,41272,경상남도 증평군 양재천길 893-30 (중수이윤면),제주특별자치도 서천군 양재천가 486-45,,2024-09-21T01:26:09,2024-09-21T01:26:09,2025-07-09T01:26:09
user_0144,kbag@example.org,public_officer,한지현,052-243-7540,54729,대구광역시 양천구 영동대3로 152 (현우우박동),제주특별자치도 하남시 역삼길 120-6,,2025-08-24T09:06:21,2025-08-24T09:06:21,2026-06-16T09:06:21
user_0145,jnam@example.org,public_officer,남종수,070-8854-7492,51702,제주특별자치도 고양시 일산서구 논현1가 지하525,광주광역시 종로구 백제고분7거리 57-78,,2024-07-11T19:33:43,2024-07-11T19:33:43,2025-05-24T19:33:43
user_0146,baegjongsu@example.org,public_officer,이예준,019-656-5045,47813,울산광역시 관악구 선릉8가 205-24,경상북도 속초시 역삼662로 311-61 (민재성권동),,2025-06-16T21:51:58,2025-06-16T21:51:58,2026-01-16T21:51:58
user_0147,jeongsun47@example.net,general_user,최광수,070-7300-2447,46273,전라북도 서천군 봉은사89로 596 (성수박읍),부산광역시 강동구 서초중앙9거리 580,,2024-06-13T01:07:15,2024-06-13T01:07:15,2024-10-24T01:07:15
user_0148,donghyeon48@example.net,public_officer,이승현,032-832-1928,54451,제주특별자치도 고양시 일산서구 잠실로 939-10,대구광역시 종로구 서초대거리 지하798 (중수허김읍),,2023-12-08T23:54:51,2023-12-08T23:54:51,2024-11-14T23:54:51
user_0149,yeongja27@example.net,general_user,유예지,064-752-4013,23423,서울특별시 동구 서초중앙로 68,강원도 동해시 학동로 44-26,,2024-04-30T18:03:30,2024-04-30T18:03:30,2024-08-30T18:03:30
user_0150,seohyeongim@example.net,general_user,권지영,054-012-4955,89389,부산광역시 중랑구 영동대927로 389,부산광역시 서구 서초대길 176-97,,2024-08-03T20:37:05,2024-08-03T20:37:05,2025-02-21T20:37:05
user_0151,sanghun18@example.org,public_officer,김민석,063-548-0157,64794,대구광역시 서대문구 석촌호수2로 347-26,충청남도 천안시 서북구 양재천31가 14-87 (영숙이박동),,2024-12-14T13:50:48,2024-12-14T13:50:48,2025-11-22T13:50:48
user_0152,ro@example.net,general_user,이서현,011-946-5796,84271,대구광역시 서대문구 테헤란99로 786,광주광역시 강서구 언주201로 695,,2024-09-25T18:00:47,2024-09-25T18:00:47,2025-05-17T18:00:47
user_0153,ibag@example.com,general_user,김정숙,010-8006-1675,77002,세종특별자치시 영등포구 백제고분545로 47 (정자이마을),대구광역시 강서구 테헤란67로 676-71 (경자고박리),,2023-09-30T08:25:20,2023-09-30T08:25:20,2023-11-06T08:25:20
user_0154,wi@example.com,public_officer,강영미,054-033-3491,41520,인천광역시 노원구 서초대529거리 207,서울특별시 양천구 석촌호수640가 325 (서영이김리),,2024-09-29T10:49:27,2024-09-29T10:49:27,2025-05-21T10:49:27
user_0155,ujingim@example.net,public_officer,우명자,055-391-9195,19876,제주특별자치도 안산시 단원구 가락길 219 (영환윤송리),전라남도 성남시 분당구 서초대68거리 412-33,,2025-09-04T09:50:58,2025-09-04T09:50:58,2025-10-11T09:50:58
user_0156,hyeonjun32@example.net,public_officer,강옥순,018-466-5136,42493,충청북도 군포시 압구정거리 181,충청남도 부천시 원미구 논현로 지하817 (경숙최이동),,2025-01-21T21:28:49,2025-01-21T21:28:49,2025-10-07T21:28:49
user_0157,gimjiweon@example.com,general_user,차예지,016-416-5162,19818,강원도 안산시 상록구 강남대가 884,세종특별자치시 북구 언주로 853 (은주서심읍),,2024-12-10T07:41:39,2024-12-10T07:41:39,2025-02-15T07:41:39
user_0158,ijihun@example.net,general_user,박정식,044-425-7540,03486,충청북도 속초시 가락04로 지하483,대전광역시 북구 잠실길 9-51 (재호심권면),,2025-04-03T20:34:01,2025-04-03T20:34:01,2025-05-08T20:34:01
user_0159,ryuyeonghyi@example.net,public_officer,홍정웅,032-569-8570,27206,경상북도 용인시 기흥구 서초중앙242거리 87,전라북도 용인시 기흥구 봉은사길 731-99,,2024-07-27T09:44:47,2024-07-27T09:44:47,2025-02-01T09:44:47
user_0160,gwangsugim@example.net,general_user,이성훈,017-931-7342,69694,경상남도 부천시 소사구 논현길 765-64 (서준고조면),강원도 양주시 석촌호수로 446-99,,2025-03-26T21:47:35,2025-03-26T21:47:35,2025-06-14T21:47:35
user_0161,doyungu@example.org,general_user,이영순,016-735-9710,25636,서울특별시 강북구 양재천52로 267,전라북도 성남시 분당구 잠실로 954 (경숙이마을),,2024-01-19T09:30:50,2024-01-19T09:30:50,2024-10-23T09:30:50
user_0162,byeongceolo@example.com,general_user,남춘자,041-415-0274,64494,전라북도 동두천시 선릉7로 727-72 (현준김오읍),울산광역시 북구 삼성가 874 (민석김김동),,2023-12-14T12:03:18,2023-12-14T12:03:18,2024-10-22T12:03:18
user_0163,ogjaryu@example.net,public_officer,김서준,018-939-0892,13715,경기도 안양시 오금74로 672,광주광역시 서초구 개포거리 858-42,,2025-01-04T20:41:41,2025-01-04T20:41:41,2025-12-11T20:41:41
user_0164,yeonggilgim@example.net,general_user,이지민,052-501-8961,42361,전라남도 청주시 상당구 영동대길 907,인천광역시 동대문구 개포21거리 754-40,,2024-07-06T21:29:10,2024-07-06T21:29:10,2025-06-10T21:29:10
user_0165,nsong@example.org,public_officer,최승현,061-610-8573,78814,울산광역시 마포구 반포대거리 지하261,경상북도 안양시 양재천2거리 438-38 (민지허마을),,2024-12-07T06:44:58,2024-12-07T06:44:58,2025-02-13T06:44:58
user_0166,lgim@example.com,general_user,박민석,031-164-5977,52321,전라북도 부여군 오금641길 196-15 (영희김동),부산광역시 마포구 압구정가 176-84 (현준이윤마을),,2024-02-18T23:17:35,2024-02-18T23:17:35,2024-04-17T23:17:35
user_0167,byeongceolhwang@example.org,public_officer,김상호,063-601-2277,07933,충청남도 보은군 서초대로 324-71 (영환윤리),울산광역시 중구 압구정6가 611-94 (도현이박마을),,2023-12-09T06:54:23,2023-12-09T06:54:23,2024-09-17T06:54:23
user_0168,sgim@example.net,public_officer,심성현,043-757-3839,97246,경상남도 용인시 논현로 지하368 (종수김류마을),전라남도 영월군 백제고분길 684 (서준김조동),,2023-10-04T06:56:13,2023-10-04T06:56:13,2024-02-20T06:56:13
user_0169,sanghungim@example.com,general_user,이미영,053-508-4289,07711,세종특별자치시 강동구 봉은사5거리 869 (진호이동),서울특별시 구로구 역삼로 161-94,,2024-03-17T23:59:45,2024-03-17T23:59:45,2025-01-20T23:59:45
user_0170,byeongceoli@example.com,public_officer,박수빈,054-328-6326,67850,경기도 서천군 선릉84거리 847-36,충청북도 단양군 서초대로 323 (현주김김동),,2025-08-08T16:04:34,2025-08-08T16:04:34,2026-01-30T16:04:34
user_0171,iyun@example.net,public_officer,허정자,016-756-3410,62884,전라북도 옥천군 서초대0거리 363,강원도 양구군 서초대20로 265,,2023-12-14T15:00:54,2023-12-14T15:00:54,2024-11-29T15:00:54
user_0172,seoyeong07@example.com,general_user,윤민석,044-998-9354,92683,경상북도 안양시 도산대가 220 (민준장이마을),대전광역시 구로구 영동대가 729,,2024-10-16T12:48:32,2024-10-16T12:48:32,2025-07-01T12:48:32
user_0173,seom@example.com,general_user,문은경,070-6228-2772,37702,세종특별자치시 종로구 테헤란가 911 (영수류박동),부산광역시 동작구 봉은사5거리 157 (주원진면),,2024-11-07T17:48:29,2024-11-07T17:48:29,2025-03-15T17:48:29
user_0174,seoyeon56@example.com,public_officer,문승현,070-9228-7772,19966,광주광역시 금천구 가락로 591-97,경상북도 가평군 오금가 887-22,,2023-10-20T12:37:22,2023-10-20T12:37:22,2023-12-06T12:37:22
user_0175,gimcunja@example.org,general_user,박지아,02-4339-7189,69070,전라북도 원주시 도산대거리 731,울산광역시 동대문구 압구정564로 555 (우진김동),,2023-10-24T21:31:31,2023-10-24T21:31:31,2024-03-13T21:31:31
user_0176,yeongho10@example.org,public_officer,김민수,044-993-7886,40578,울산광역시 양천구 가락길 554 (은서박리),강원도 평창군 선릉길 568 (영진최읍),,2025-08-17T10:25:44,2025-08-17T10:25:44,2025-08-18T10:25:44
user_0177,areum20@example.org,general_user,김지원,063-494-6539,02891,인천광역시 서초구 삼성7거리 662-1 (건우김김마을),부산광역시 서대문구 테헤란거리 626 (지영노윤리),,2025-08-04T19:58:53,2025-08-04T19:58:53,2025-10-09T19:58:53
user_0178,ansunja@example.org,general_user,박영숙,010-0715-6956,01753,광주광역시 강서구 압구정길 지하114,경기도 고양시 일산서구 강남대거리 836 (은주김구면),,2025-07-16T03:23:13,2025-07-16T03:23:13,2025-10-06T03:23:13
user_0179,areumcoe@example.net,general_user,박민준,016-921-9212,93843,경상남도 포천시 언주로 546 (정수이이마을),광주광역시 서초구 압구정05가 125,,2025-05-28T19:05:14,2025-05-28T19:05:14,2026-03-06T19:05:14
user_0180,pseong@example.org,general_user,서현우,042-541-1076,95431,서울특별시 서대문구 학동0가 626,충청남도 가평군 삼성길 635-57 (수진최동),,2025-01-07T19:54:41,2025-01-07T19:54:41,2025-10-21T19:54:41
user_0181,ijunyeong@example.org,public_officer,김도윤,016-639-9076,69915,인천광역시 북구 가락거리 493-93,세종특별자치시 구로구 석촌호수1로 731,,2025-01-03T16:28:20,2025-01-03T16:28:20,2025-03-01T16:28:20
user_0182,gimseoyun@example.net,public_officer,김주원,017-549-8227,95450,강원도 가평군 오금가 710,경기도 구리시 선릉거리 656,,2024-05-23T15:58:16,2024-05-23T15:58:16,2025-05-11T15:58:16
user_0183,jihu21@example.com,public_officer,최순옥,031-730-3379,37563,서울특별시 중랑구 양재천길 737,충청북도 파주시 압구정5로 146 (진호강백면),,2024-01-22T19:52:19,2024-01-22T19:52:19,2024-10-27T19:52:19
user_0184,gimyeongho@example.org,public_officer,최민준,02-2615-3473,52896,대전광역시 동작구 가락0길 809 (정식김면),부산광역시 광진구 논현길 712,,2025-07-18T10:06:15,2025-07-18T10:06:15,2026-01-23T10:06:15
user_0185,fgim@example.com,public_officer,박영환,018-912-8685,87255,전라남도 오산시 테헤란로 532-46,경상남도 영월군 석촌호수90길 463 (준혁이리),,2024-03-06T05:47:38,2024-03-06T05:47:38,2024-10-12T05:47:38
user_0186,bbag@example.com,public_officer,박은정,054-754-6027,41514,전라남도 고양시 강남대43길 9-99,광주광역시 성북구 봉은사로 560,,2024-04-29T01:34:33,2024-04-29T01:34:33,2024-05-20T01:34:33
user_0187,wryu@example.net,general_user,이현준,02-7826-3337,89877,서울특별시 강서구 삼성6가 307 (서현최김읍),부산광역시 노원구 선릉가 461 (준서최읍),,2024-01-06T19:59:07,2024-01-06T19:59:07,2024-07-10T19:59:07
user_0188,ngu@example.com,public_officer,지윤서,032-863-7159,41218,전라북도 태안군 반포대로 지하531,경기도 청주시 청원구 압구정3로 211,,2023-09-18T00:54:20,2023-09-18T00:54:20,2024-03-19T00:54:20
user_0189,hyeonjigim@example.com,public_officer,고승현,063-163-2346,29949,충청남도 고성군 석촌호수77로 662-59 (영희오이마을),제주특별자치도 보은군 강남대0길 845,,2025-06-10T00:48:48,2025-06-10T00:48:48,2026-05-25T00:48:48
user_0190,qbag@example.org,public_officer,김선영,019-916-0324,13768,인천광역시 구로구 반포대로 391 (옥자고이동),대전광역시 용산구 서초대거리 169,,2024-03-22T02:36:09,2024-03-22T02:36:09,2025-02-26T02:36:09
user_0191,ebag@example.org,public_officer,허성진,010-3727-4220,24186,경기도 청주시 서원구 반포대로 400-89,강원도 청주시 상당구 오금거리 367-23,,2024-05-05T22:33:13,2024-05-05T22:33:13,2024-11-02T22:33:13
user_0192,phwang@example.com,general_user,최광수,044-310-6005,13122,경상북도 부천시 소사구 논현로 178 (준호이리),울산광역시 구로구 삼성거리 640-27,,2024-02-21T17:15:17,2024-02-21T17:15:17,2025-01-03T17:15:17
user_0193,donghyeon36@example.com,public_officer,김준서,016-718-9241,62525,경기도 금산군 양재천길 지하776,강원도 연천군 백제고분가 지하524 (명자한동),,2024-03-16T14:59:40,2024-03-16T14:59:40,2024-07-15T14:59:40
user_0194,siu63@example.net,public_officer,김영미,031-397-5245,86403,경상남도 서천군 학동가 54-82,대전광역시 성북구 잠실로 지하821 (수민이면),,2023-12-28T09:19:15,2023-12-28T09:19:15,2024-03-27T09:19:15
user_0195,yeongilgim@example.net,general_user,김보람,062-423-3629,44973,경상북도 안양시 백제고분282거리 314-59 (준서조김읍),세종특별자치시 용산구 개포27가 625 (유진류안동),,2025-03-17T16:59:31,2025-03-17T16:59:31,2025-03-29T16:59:31
user_0196,munyejin@example.com,public_officer,김병철,063-666-5674,60169,경상북도 증평군 언주가 647 (영희윤면),충청남도 음성군 강남대587거리 지하667,,2024-12-22T17:06:40,2024-12-22T17:06:40,2025-06-10T17:06:40
user_0197,gyeongsuhwang@example.net,general_user,장상훈,019-669-1836,64488,대구광역시 서구 압구정1가 671,전라북도 영동군 학동9거리 767 (채원이면),,2024-04-20T10:01:30,2024-04-20T10:01:30,2025-03-28T10:01:30
user_0198,seunghyeongim@example.org,public_officer,김영미,062-932-3023,67912,서울특별시 중구 압구정901길 385-78,광주광역시 용산구 봉은사15로 490-63,,2024-10-17T09:51:26,2024-10-17T09:51:26,2025-03-02T09:51:26
user_0199,mgweon@example.com,public_officer,권현숙,053-555-3566,55107,대전광역시 남구 삼성가 497,충청북도 수원시 팔달구 서초대거리 463 (미숙장김면),,2024-07-16T06:35:34,2024-07-16T06:35:34,2025-07-10T06:35:34
user_0200,smin@example.org,public_officer,안순자,070-6493-2898,27148,울산광역시 강남구 역삼거리 226-93,충청북도 삼척시 서초중앙길 지하217 (유진장동),,2024-03-27T13:31:01,2024-03-27T13:31:01,2024-10-08T13:31:01
